Model,MAE,R-squared,fit_time,test_time
Linear Regression,0.06318533761184188,0.4633804529070029,0.01221013069152832,0.008945941925048828
Random Forest Regression,0.06353120756252682,0.4510161314475253,11.373796939849854,0.20843815803527832
Gradient Boosting Regression,0.06276995207601484,0.46235375063983053,0.39563679695129395,0.004063129425048828
