Model,MAE,R-squared,fit_time,test_time
Linear Regression,0.06318533761184188,0.4633804529070029,0.02501821517944336,0.008759021759033203
Random Forest Regression,0.06353120756252682,0.4510161314475253,11.135334730148315,0.24969196319580078
Gradient Boosting Regression,0.06276995207601484,0.46235375063983053,0.5562939643859863,0.006417036056518555
